<?xml version="1.0" encoding="UTF-8"?>

<form url="feedback.php"
 window="_self"
 method="POST"
 fontname="MS Sans Serif"
 width="332"
 height="370"
 bkcolor="0xFFFFFF"
 transparent="f"
 fontcolor="0x000000"
 outlinecolor="0x000000"
 themecolor="0xFFFF99"
 fontcolor2="#000000"
 bkcolor2="#FFFFFF"
 includeresults="false"
 emailuser="false"
 bcc=""
 cc=""
 reqmessage="One or More Fields are Required"
 transition="0"
 autoresponseincluderesults="f"
 autoresponseaddtotop="f"
 usephp="true"
 disableclicktoactiveprompt="true"
 extensions="*.txt;*.gif;*.jpg;*.jpeg;*.zip;*.doc;*.png;*.pdf;*.rtf"
>

<hidden
 name="thankyoupage"
 value="http://www.drtomar.com/images/feedback.html"
></hidden>

<hidden
 name="subject"
 value="Mail From Website"
></hidden>

<textinput
 name="Name"
 x="100"
 y="8"
 w="220"
 h="22"
 initvalue=""
 bkcolor="0xFFFFFF"
  fontname="Arial"
  fontcolor="0x000000"
>
</textinput>

<textinput
 name="Age"
 x="100"
 y="39"
 w="220"
 h="22"
 initvalue=""
 bkcolor="0xFFFFFF"
  fontname="Arial"
  fontcolor="0x000000"
>
</textinput>

<combobox
 name="Sex"
 x="99"
 y="69"
 bkcolor="0xFFFFFF"
 fontcolor="0x000000"
 isemail="false"
 w="92"
 h="20">
  <item name="Male"></item>
  <item name="Female"></item>
</combobox>

<textarea
 name="Address"
 x="99"
 y="99"
 w="220"
 h="50"
 initvalue=""
 wordwrap="true"
 bkcolor="0xFFFFFF"
  fontsize="12"
  fontname="Arial"
  fontcolor="0x000000"
></textarea>

<textinput
 name="Phone"
 x="99"
 y="159"
 w="220"
 h="22"
 initvalue=""
 bkcolor="0xFFFFFF"
  fontname="Arial"
  fontcolor="0x000000"
>
</textinput>

<textinput
 name="Mobile"
 x="98"
 y="189"
 w="220"
 h="22"
 initvalue=""
 bkcolor="0xFFFFFF"
  fontname="Arial"
  fontcolor="0x000000"
>
</textinput>

<textinput
 name="Email"
 x="99"
 y="219"
 w="222"
 h="22"
 initvalue=""
 bkcolor="0xFFFFFF"
  fontname="Arial"
  fontcolor="0x000000"
 emailbox="true"
  restrict="email"
>
</textinput>

<textarea
 name="Feedback"
 x="10"
 y="268"
 w="309"
 h="58"
 initvalue=""
 wordwrap="true"
 bkcolor="0xFFFFFF"
  fontsize="12"
  fontname="Arial"
  fontcolor="0x000000"
></textarea>

<submitbutton
 name="File Browse Button"
 x="100"
 y="335"
 w="100"
 h="20"
 label="Submit"
 fontname="Arial"
 fontcolor="0x000000"
 fontbold="bold"
  fontsize="12"
></submitbutton>

<label
 name="My Text 3"
 x="7"
 y="219"
 w="56"
 h="16"
 text="E-Mail:"
 fontbold="bold"
  fontname="Georgia"
  fontcolor="0x800000"
  fontsize="13"
></label>

<label
 name="My Text 4"
 x="9"
 y="9"
 w="51"
 h="16"
 text="Name:"
 fontbold="bold"
  fontname="Georgia"
  fontcolor="0x800000"
  fontsize="13"
></label>

<label
 name="My Text 8"
 x="10"
 y="39"
 w="31"
 h="16"
 text="Age"
 fontbold="bold"
  fontname="Georgia"
  fontcolor="0x633232"
  fontsize="13"
></label>

<label
 name="My Text 9"
 x="9"
 y="69"
 w="29"
 h="16"
 text="Sex"
 fontbold="bold"
  fontname="Georgia"
  fontcolor="0x633232"
  fontsize="13"
></label>

<label
 name="My Text 11"
 x="8"
 y="100"
 w="67"
 h="16"
 text="Address:"
 fontbold="bold"
  fontname="Georgia"
  fontcolor="0x633232"
  fontsize="13"
></label>

<label
 name="My Text 12"
 x="8"
 y="159"
 w="77"
 h="16"
 text="Phone No."
 fontbold="bold"
  fontname="Georgia"
  fontcolor="0x633232"
  fontsize="13"
></label>

<label
 name="My Text 16"
 x="7"
 y="249"
 w="112"
 h="16"
 text="Your Feedback"
 fontbold="bold"
  fontname="Georgia"
  fontcolor="0x633232"
  fontsize="13"
></label>

<label
 name="My Text 15"
 x="7"
 y="189"
 w="54"
 h="16"
 text="Mobile"
 fontbold="bold"
  fontname="Georgia"
  fontcolor="0x633232"
  fontsize="13"
></label>

</form>