<?xml version="1.0" encoding="utf-8"?>
<bcaster>
<item item_url="images/17.jpg" link="" itemtitle="Dr.Tomar with the Hon'ble President of India Mrs.Pratibha Patil" />
<item item_url="images/1.jpg" link="" itemtitle="Dr. (Prof.) Tomar at Hahnemann Monument Washington DC, USA" />
<item item_url="images/2.jpg" link="" itemtitle="Dr. Mrs. Shobhana & Dr. (Prof.) Ajay Singh Tomar, India." />
<item item_url="images/3.jpg" link="" itemtitle="Dr. (Prof.) & Dr. Mrs Tomar with Dr. C.S.Ranawat, USA" />
<item item_url="images/4.jpg" link="" itemtitle="With Mrs. Gudi  w/o Dr. C.S.Ranawat USA" />
<item item_url="images/5.jpg" link="" itemtitle="At ISKCON Potomac Washington DC, USA" />
<item item_url="images/6.jpg" link="" itemtitle="Dr. (Prof.) Tomar with Questa, NM's Dr. Lia Bello." />
<item item_url="images/7.jpg" link="" itemtitle="Dr. (Prof.) Tomar & Dr. Mrs. Shobhana Tomar in NY, USA" />
<item item_url="images/8.jpg" link="" itemtitle="Dr. (Prof.) Tomar & Dr. Mrs. Tomar at Hahnemann Memorial, USA" />
<item item_url="images/9.jpg" link="" itemtitle="Dr. Tomar in relaxed moods at Kodaikanal, India" />
<item item_url="images/10.jpg" link="" itemtitle="At Nityanand Lake, South Fallsburg, USA" />
<item item_url="images/11.jpg" link="" itemtitle="At Grand Central, Washington DC, USA" />
<item item_url="images/12.jpg" link="" itemtitle="With Questa, NM's, Dr. Lia Bello" />
<item item_url="images/13.jpg" link="" itemtitle="At Indianapolis, USA" />
<item item_url="images/14.jpg" link="" itemtitle="At The Times Square, NY, USA" />
<item item_url="images/15.jpg" link="" itemtitle="At Darien, Connecticut, USA" />
<item item_url="images/16.jpg" link="" itemtitle="At Vivekanand Kendra, Kanyakumari, India" />
</bcaster>
